time,dUx,dUy,dTnx,dTny,Fx,Fy
1,0,0.01,0,0,5.39065e-15,-0.00578464
2,0,0.02,0,0,5.36593e-15,-0.0115693
3,0,0.03,0,0,5.36854e-15,-0.0173539
4,0,0.04,0,0,5.39326e-15,-0.0231386
5,0,0.05,0,0,5.38632e-15,-0.0289232
6,0,0.06,0,0,5.37417e-15,-0.0347078
7,0,0.07,0,0,5.3655e-15,-0.0404925
8,0,0.08,0,0,5.33948e-15,-0.0462771
9,0,0.09,0,0,5.38111e-15,-0.0520617
10,0,0.1,0,0,5.34642e-15,-0.0578464
